{
    "train": {
        "box_loss": 1.27576,
        "cls_loss": 3.5087,
        "dfl_loss": 1.59572
    },
    "metrics": {
        "precision(B)": 0.7266610559228287,
        "recall(B)": 0.75,
        "mAP50(B)": 0.8945784192013243,
        "mAP50-95(B)": 0.6821155272174668
    },
    "val": {
        "box_loss": 1.48431,
        "cls_loss": 1.24239,
        "dfl_loss": 1.16682
    },
    "lr": {
        "pg0": 9.9008e-07,
        "pg1": 9.9008e-07,
        "pg2": 9.9008e-07
    },
    "model": {
        "parameters": 3157200,
        "GFLOPs": 8.858,
        "speed_PyTorch(ms)": 168.756
    },
    "step": 4
}
