step	box_loss
0	1.16858
1	1.11224
2	0.8919
3	1.49678
4	1.27576
