step	cls_loss
0	2.71721
1	3.23781
2	2.7508
3	2.8767
4	3.5087
