step	dfl_loss
0	1.43065
1	1.3688
2	1.41024
3	1.82971
4	1.59572
