step	mAP50-95(B)
0	0.68815
1	0.69041
2	0.69915
3	0.66859
4	0.67675
