step	mAP50(B)
0	0.89637
1	0.89509
2	0.89458
3	0.89543
4	0.8962
