step	precision(B)
0	0.69965
1	0.72092
2	0.72739
3	0.73765
4	0.74587
