step	pg0
0	0.0
1	9.5438e-07
2	1.43752e-06
3	1.4494200000000002e-06
4	9.9008e-07
